{"cameraMode":{"drawMode":0,"name":"Shaded","section":"Shading Mode"},"sceneLighting":false,"audioPlay":false,"sceneViewState":{"showFog":true,"showMaterialUpdate":false,"showSkybox":true,"showFlares":true,"showImageEffects":true,"showParticleSystems":true},"in2DMode":false,"pivot":{"x":0.06900429725646973,"y":0.7512780427932739,"z":0.0},"rotation":{"x":-0.19624346494674684,"y":0.3814550042152405,"z":-0.08322446048259735,"w":-0.8994745016098023},"size":4.952690601348877,"orthographic":false}